Indicator Code,Indicator Name,First_Year,Last_Year,Number_of_Years,Coverage_Percent
ER.FSH.CAPT.MT,Capture fisheries production (metric tons),1960,2024,65,98.48484848484848
ER.FSH.AQUA.MT,Aquaculture production (metric tons),1960,2024,65,98.48484848484848
ER.FSH.PROD.MT,Total fisheries production (metric tons),1960,2024,65,98.48484848484848
AG.LND.AGRI.ZS,Agricultural land (% of land area),1961,2023,63,95.45454545454545
AG.LND.ARBL.ZS,Arable land (% of land area),1961,2023,63,95.45454545454545
AG.SRF.TOTL.K2,Surface area (sq. km),1961,2023,63,95.45454545454545
AG.LND.TOTL.K2,Land area (sq. km),1961,2023,63,95.45454545454545
ER.H2O.INTR.K3,"Renewable internal freshwater resources, total (billion cubic meters)",1961,2022,62,93.93939393939394
AG.LND.PRCP.MM,Average precipitation in depth (mm per year),1961,2022,62,93.93939393939394
ER.H2O.INTR.PC,Renewable internal freshwater resources per capita (cubic meters),1961,2022,62,93.93939393939394
EN.GHG.CO2.AG.MT.CE.AR5,Carbon dioxide (CO2) emissions from Agriculture (Mt CO2e),1970,2024,55,83.33333333333334
EN.GHG.CH4.WA.MT.CE.AR5,Methane (CH4) emissions from Waste (Mt CO2e),1970,2024,55,83.33333333333334
EN.GHG.N2O.FE.MT.CE.AR5,Nitrous oxide (N2O) emissions from Fugitive Emissions (Energy) (Mt CO2e),1970,2024,55,83.33333333333334
EN.GHG.CH4.AG.MT.CE.AR5,Methane (CH4) emissions from Agriculture (Mt CO2e),1970,2024,55,83.33333333333334
EN.GHG.ALL.MT.CE.AR5,Total greenhouse gas emissions excluding LULUCF (Mt CO2e),1970,2024,55,83.33333333333334
EN.GHG.ALL.PC.CE.AR5,Total greenhouse gas emissions excluding LULUCF per capita (t CO2e/capita),1970,2024,55,83.33333333333334
EN.GHG.CO2.BU.MT.CE.AR5,Carbon dioxide (CO2) emissions from Building (Energy) (Mt CO2e),1970,2024,55,83.33333333333334
EN.GHG.CO2.IP.MT.CE.AR5,Carbon dioxide (CO2) emissions from Industrial Processes (Mt CO2e),1970,2024,55,83.33333333333334
EN.GHG.CO2.PC.CE.AR5,Carbon dioxide (CO2) emissions excluding LULUCF per capita (t CO2e/capita),1970,2024,55,83.33333333333334
EN.GHG.CO2.MT.CE.AR5,Carbon dioxide (CO2) emissions (total) excluding LULUCF (Mt CO2e),1970,2024,55,83.33333333333334
EN.GHG.CO2.TR.MT.CE.AR5,Carbon dioxide (CO2) emissions from Transport (Energy) (Mt CO2e),1970,2024,55,83.33333333333334
EN.GHG.CO2.PI.MT.CE.AR5,Carbon dioxide (CO2) emissions from Power Industry (Energy) (Mt CO2e),1970,2024,55,83.33333333333334
EN.GHG.CO2.IC.MT.CE.AR5,Carbon dioxide (CO2) emissions from Industrial Combustion (Energy) (Mt CO2e),1970,2024,55,83.33333333333334
EN.GHG.CO2.FE.MT.CE.AR5,Carbon dioxide (CO2) emissions from Fugitive Emissions (Energy) (Mt CO2e),1970,2024,55,83.33333333333334
EN.GHG.CH4.FE.MT.CE.AR5,Methane (CH4) emissions from Fugitive Emissions (Energy) (Mt CO2e),1970,2024,55,83.33333333333334
EN.GHG.CH4.BU.MT.CE.AR5,Methane (CH4) emissions from Building (Energy) (Mt CO2e),1970,2024,55,83.33333333333334
EN.GHG.CH4.MT.CE.AR5,Methane (CH4) emissions (total) excluding LULUCF (Mt CO2e),1970,2024,55,83.33333333333334
EN.GHG.CH4.IC.MT.CE.AR5,Methane (CH4) emissions from Industrial Combustion (Energy) (Mt CO2e),1970,2024,55,83.33333333333334
EN.GHG.CH4.TR.MT.CE.AR5,Methane (CH4) emissions from Transport (Energy) (Mt CO2e),1970,2024,55,83.33333333333334
EN.GHG.N2O.BU.MT.CE.AR5,Nitrous oxide (N2O) emissions from Building (Energy) (Mt CO2e),1970,2024,55,83.33333333333334
EN.GHG.CO2.WA.MT.CE.AR5,Carbon dioxide (CO2) emissions from Waste (Mt CO2e),1970,2024,55,83.33333333333334
EN.GHG.N2O.AG.MT.CE.AR5,Nitrous oxide (N2O) emissions from Agriculture (Mt CO2e),1970,2024,55,83.33333333333334
EN.GHG.N2O.IP.MT.CE.AR5,Nitrous oxide (N2O) emissions from Industrial Processes (Mt CO2e),1970,2024,55,83.33333333333334
EN.GHG.N2O.IC.MT.CE.AR5,Nitrous oxide (N2O) emissions from Industrial Combustion (Energy) (Mt CO2e),1970,2024,55,83.33333333333334
EN.GHG.N2O.MT.CE.AR5,Nitrous oxide (N2O) emissions (total) excluding LULUCF (Mt CO2e),1970,2024,55,83.33333333333334
EN.GHG.N2O.TR.MT.CE.AR5,Nitrous oxide (N2O) emissions from Transport (Energy) (Mt CO2e),1970,2024,55,83.33333333333334
EN.GHG.N2O.PI.MT.CE.AR5,Nitrous oxide (N2O) emissions from Power Industry (Energy) (Mt CO2e),1970,2024,55,83.33333333333334
EN.GHG.CH4.PI.MT.CE.AR5,Methane (CH4) emissions from Power Industry (Energy) (Mt CO2e),1970,2024,55,83.33333333333334
EN.GHG.N2O.WA.MT.CE.AR5,Nitrous oxide (N2O) emissions from Waste (Mt CO2e),1970,2024,55,83.33333333333334
NY.ADJ.DMIN.CD,Adjusted savings: mineral depletion (current US$),1970,2021,52,78.78787878787878
NY.ADJ.AEDU.GN.ZS,Adjusted savings: education expenditure (% of GNI),1970,2021,52,78.78787878787878
NY.ADJ.DFOR.CD,Adjusted savings: net forest depletion (current US$),1970,2021,52,78.78787878787878
NY.ADJ.DNGY.CD,Adjusted savings: energy depletion (current US$),1971,2021,51,77.27272727272727
ER.H2O.FWST.ZS,Level of water stress: freshwater withdrawal as a proportion of available freshwater resources,1975,2022,48,72.72727272727273
ER.H2O.FWAG.ZS,"Annual freshwater withdrawals, agriculture (% of total freshwater withdrawal)",1975,2022,48,72.72727272727273
ER.H2O.FWDM.ZS,"Annual freshwater withdrawals, domestic (% of total freshwater withdrawal)",1975,2022,48,72.72727272727273
ER.H2O.FWTL.K3,"Annual freshwater withdrawals, total (billion cubic meters)",1975,2022,48,72.72727272727273
ER.H2O.FWIN.ZS,"Annual freshwater withdrawals, industry (% of total freshwater withdrawal)",1975,2022,48,72.72727272727273
ER.H2O.FWTL.ZS,"Annual freshwater withdrawals, total (% of internal resources)",1975,2022,48,72.72727272727273
EN.GHG.CO2.RT.GDP.KD,Carbon intensity of GDP (kg CO2e per constant 2015 US$ of GDP),1988,2024,37,56.060606060606055
ER.GDP.FWTL.M3.KD,"Water productivity, total (constant 2015 US$ GDP per cubic meter of total freshwater withdrawal)",1988,2022,35,53.03030303030303
EN.GHG.CO2.RT.GDP.PP.KD,Carbon intensity of GDP (kg CO2e per 2021 PPP $ of GDP),1990,2024,35,53.03030303030303
EN.GHG.FGAS.IP.MT.CE.AR5,F-gases emissions from Industrial Processes (Mt CO2e),1990,2024,35,53.03030303030303
EN.ATM.PM25.MC.M3,"PM2.5 air pollution, mean annual exposure (micrograms per cubic meter)",1990,2023,34,51.515151515151516
AG.LND.FRST.K2,Forest area (sq. km),1990,2023,34,51.515151515151516
EN.GHG.CO2.ZG.AR5,Carbon dioxide (CO2) emissions (total) excluding LULUCF (% change from 1990),1991,2024,34,51.515151515151516
EN.GHG.CH4.ZG.AR5,Methane (CH4) emissions (total) excluding LULUCF (% change from 1990),1991,2024,34,51.515151515151516
NY.GDP.COAL.RT.ZS,Coal rents (% of GDP),1988,2021,34,51.515151515151516
EN.GHG.TOT.ZG.AR5,Total greenhouse gas emissions excluding LULUCF (% change from 1990),1991,2024,34,51.515151515151516
EN.GHG.N2O.ZG.AR5,Nitrous oxide (N2O) emissions (total) excluding LULUCF (% change from 1990),1991,2024,34,51.515151515151516
NY.ADJ.DKAP.CD,Adjusted savings: consumption of fixed capital (current US$),1988,2021,34,51.515151515151516
NY.GDP.PETR.RT.ZS,Oil rents (% of GDP),1988,2021,34,51.515151515151516
NY.GDP.NGAS.RT.ZS,Natural gas rents (% of GDP),1988,2021,34,51.515151515151516
NY.GDP.MINR.RT.ZS,Mineral rents (% of GDP),1988,2021,34,51.515151515151516
NY.GDP.FRST.RT.ZS,Forest rents (% of GDP),1988,2021,34,51.515151515151516
AG.LND.FRST.ZS,Forest area (% of land area),1990,2023,34,51.515151515151516
NY.GDP.TOTL.RT.ZS,Total natural resources rents (% of GDP),1988,2021,34,51.515151515151516
NY.ADJ.DFOR.GN.ZS,Adjusted savings: net forest depletion (% of GNI),1989,2021,33,50.0
NY.ADJ.DMIN.GN.ZS,Adjusted savings: mineral depletion (% of GNI),1989,2021,33,50.0
EG.ELC.FOSL.ZS,"Electricity production from oil, gas and coal sources (% of total)",1990,2022,33,50.0
NY.ADJ.DNGY.GN.ZS,Adjusted savings: energy depletion (% of GNI),1989,2021,33,50.0
NY.ADJ.AEDU.CD,Adjusted savings: education expenditure (current US$),1989,2021,33,50.0
NY.ADJ.DKAP.GN.ZS,Adjusted savings: consumption of fixed capital (% of GNI),1989,2021,33,50.0
NY.ADJ.DCO2.CD,Adjusted savings: carbon dioxide damage (current US$),1990,2021,32,48.484848484848484
EG.ELC.RNEW.ZS,Renewable electricity output (% of total electricity output),1990,2021,32,48.484848484848484
EG.ELC.RNWX.ZS,"Electricity production from renewable sources, excluding hydroelectric (% of total)",1990,2021,32,48.484848484848484
EG.ELC.RNWX.KH,"Electricity production from renewable sources, excluding hydroelectric (kWh)",1990,2021,32,48.484848484848484
NY.ADJ.DCO2.GN.ZS,Adjusted savings: carbon dioxide damage (% of GNI),1990,2021,32,48.484848484848484
NY.ADJ.DPEM.GN.ZS,Adjusted savings: particulate emission damage (% of GNI),1990,2021,32,48.484848484848484
NY.ADJ.DPEM.CD,Adjusted savings: particulate emission damage (current US$),1990,2021,32,48.484848484848484
EG.FEC.RNEW.ZS,Renewable energy consumption (% of total final energy consumption),1990,2021,32,48.484848484848484
SH.STA.BASS.ZS,People using at least basic sanitation services (% of population),2000,2024,25,37.878787878787875
SH.STA.SMSS.ZS,People using safely managed sanitation services (% of population),2000,2024,25,37.878787878787875
SH.STA.ODFC.ZS,People practicing open defecation (% of population),2000,2024,25,37.878787878787875
SH.H2O.SMDW.ZS,People using safely managed drinking water services (% of population),2000,2024,25,37.878787878787875
SH.H2O.BASW.ZS,People using at least basic drinking water services (% of population),2000,2024,25,37.878787878787875
EG.ELC.ACCS.ZS,Access to electricity (% of population),2000,2024,25,37.878787878787875
EN.GHG.ALL.LU.MT.CE.AR5,Total greenhouse gas emissions including LULUCF (Mt CO2e),2000,2023,24,36.36363636363637
EN.GHG.CO2.LU.DF.MT.CE.AR5,Carbon dioxide (CO2) net fluxes from LULUCF - Deforestation (Mt CO2e),2000,2023,24,36.36363636363637
EN.GHG.CO2.LU.MT.CE.AR5,Carbon dioxide (CO2) net fluxes from LULUCF - Total excluding non-tropical fires (Mt CO2e),2000,2023,24,36.36363636363637
EN.GHG.CO2.LU.FL.MT.CE.AR5,Carbon dioxide (CO2) net fluxes from LULUCF - Forest Land (Mt CO2e),2000,2023,24,36.36363636363637
EN.GHG.CO2.LU.OL.MT.CE.AR5,Carbon dioxide (CO2) net fluxes from LULUCF - Other Land (Mt CO2e),2000,2023,24,36.36363636363637
EG.EGY.PRIM.PP.KD,Energy intensity level of primary energy (MJ/$2021 PPP GDP),2000,2021,22,33.33333333333333
SH.STA.POIS.P5.MA,"Mortality rate attributed to unintentional poisoning, male (per 100,000 male population)",2000,2021,22,33.33333333333333
SH.STA.POIS.P5,"Mortality rate attributed to unintentional poisoning (per 100,000 population)",2000,2021,22,33.33333333333333
SH.STA.POIS.P5.FE,"Mortality rate attributed to unintentional poisoning, female (per 100,000 female population)",2000,2021,22,33.33333333333333
EN.GHG.CO2.LU.OS.MT.CE.AR5,Carbon dioxide (CO2) net fluxes from LULUCF - Organic Soil (Mt CO2e),2000,2020,21,31.818181818181817
NY.ADJ.SVNX.GN.ZS,"Adjusted net savings, excluding particulate emission damage (% of GNI)",2002,2021,20,30.303030303030305
NY.ADJ.NNAT.GN.ZS,Adjusted savings: net national savings (% of GNI),2002,2021,20,30.303030303030305
NY.ADJ.SVNX.CD,"Adjusted net savings, excluding particulate emission damage (current US$)",2002,2021,20,30.303030303030305
NY.ADJ.SVNG.GN.ZS,"Adjusted net savings, including particulate emission damage (% of GNI)",2002,2021,20,30.303030303030305
NY.ADJ.SVNG.CD,"Adjusted net savings, including particulate emission damage (current US$)",2002,2021,20,30.303030303030305
NY.ADJ.NNAT.CD,Adjusted savings: net national savings (current US$),2002,2021,20,30.303030303030305
NY.ADJ.ICTR.GN.ZS,Adjusted savings: gross savings (% of GNI),2002,2021,20,30.303030303030305
ER.MRN.PTMR.ZS,Marine protected areas (% of territorial waters),2013,2025,13,19.696969696969695
ER.PTD.TOTL.ZS,Terrestrial and marine protected areas (% of total territorial area),2013,2025,13,19.696969696969695
ER.LND.PTLD.ZS,Terrestrial protected areas (% of total land area),2013,2025,13,19.696969696969695
EN.ATM.PM25.MC.T2.ZS,"PM2.5 pollution, population exposed to levels exceeding WHO Interim Target-2 value (% of total)",1990,2017,12,18.181818181818183
EN.ATM.PM25.MC.T3.ZS,"PM2.5 pollution, population exposed to levels exceeding WHO Interim Target-3 value (% of total)",1990,2017,12,18.181818181818183
EN.ATM.PM25.MC.ZS,"PM2.5 air pollution, population exposed to levels exceeding WHO guideline value (% of total)",1990,2017,12,18.181818181818183
EN.ATM.PM25.MC.T1.ZS,"PM2.5 pollution, population exposed to levels exceeding WHO Interim Target-1 value (% of total)",1990,2017,12,18.181818181818183
EN.POP.SLUM.UR.ZS,Population living in slums (% of urban population),2002,2022,11,16.666666666666664
AG.LND.EL5M.UR.K2,Urban land area where elevation is below 5 meters (sq. km),1990,2015,3,4.545454545454546
AG.LND.EL5M.UR.ZS,Urban land area where elevation is below 5 meters (% of total land area),1990,2015,3,4.545454545454546
AG.LND.EL5M.ZS,Land area where elevation is below 5 meters (% of total land area),1990,2015,3,4.545454545454546
EN.POP.EL5M.ZS,Population living in areas where elevation is below 5 meters (% of total population),1990,2015,3,4.545454545454546
EN.POP.EL5M.RU.ZS,Rural population living in areas where elevation is below 5 meters (% of total population),1990,2015,3,4.545454545454546
EN.POP.EL5M.UR.ZS,Urban population living in areas where elevation is below 5 meters (% of total population),1990,2015,3,4.545454545454546
AG.LND.TOTL.RU.K2,Rural land area (sq. km),1990,2015,3,4.545454545454546
AG.LND.TOTL.UR.K2,Urban land area (sq. km),1990,2015,3,4.545454545454546
AG.LND.EL5M.RU.ZS,Rural land area where elevation is below 5 meters (% of total land area),1990,2015,3,4.545454545454546
AG.LND.EL5M.RU.K2,Rural land area where elevation is below 5 meters (sq. km),1990,2015,3,4.545454545454546
EN.MAM.THRD.NO,"Mammal species, threatened",2018,2022,2,3.0303030303030303
EN.HPT.THRD.NO,"Plant species (higher), threatened",2018,2022,2,3.0303030303030303
EN.FSH.THRD.NO,"Fish species, threatened",2018,2022,2,3.0303030303030303
EN.BIR.THRD.NO,"Bird species, threatened",2018,2022,2,3.0303030303030303
EN.CLC.MDAT.ZS,"Droughts, floods, extreme temperatures (% of population, average 1990-2009)",2009,2009,1,1.5151515151515151
EN.CLC.DRSK.XQ,Disaster risk reduction progress score (1-5 scale; 5=best),2011,2011,1,1.5151515151515151
SH.STA.AIRP.P5,"Mortality rate attributed to household and ambient air pollution, age-standardized (per 100,000 population)",2019,2019,1,1.5151515151515151
SH.STA.WASH.P5,"Mortality rate attributed to unsafe water, unsafe sanitation and lack of hygiene (per 100,000 population)",2019,2019,1,1.5151515151515151
